date,open,high,low,close,volume,Name
2013-02-08,12.37,12.4699,12.29,12.37,7677336,NVDA
2013-02-11,12.47,12.635,12.35,12.51,10207599,NVDA
2013-02-12,12.395,12.565,12.38,12.43,6945065,NVDA
2013-02-13,12.44,12.665,12.33,12.37,21322573,NVDA
2013-02-14,12.2,12.74,12.05,12.73,22049335,NVDA
2013-02-15,12.7,12.79,12.45,12.731,18346464,NVDA
2013-02-19,12.74,12.75,12.48,12.555,10838622,NVDA
2013-02-20,12.6,12.8,12.34,12.38,17825217,NVDA
2013-02-21,12.36,12.5,12.26,12.29,14510133,NVDA
2013-02-22,12.37,12.53,12.3,12.52,9253663,NVDA
2013-02-25,12.55,12.65,12.28,12.3,16111033,NVDA
2013-02-26,12.25,12.435,12.2091,12.37,12187503,NVDA
2013-02-27,12.37,12.69,12.34,12.6,11924412,NVDA
2013-02-28,12.56,12.85,12.51,12.66,14784738,NVDA
2013-03-01,12.57,12.75,12.455,12.71,9734824,NVDA
2013-03-04,12.62,12.775,12.52,12.655,8841914,NVDA
2013-03-05,12.73,12.82,12.665,12.8,9152494,NVDA
2013-03-06,12.88,13.0,12.73,12.79,8572283,NVDA
2013-03-07,12.86,12.99,12.6871,12.76,7869650,NVDA
2013-03-08,12.79,12.88,12.73,12.82,6161582,NVDA
2013-03-11,12.69,12.75,12.59,12.695,7493637,NVDA
2013-03-12,12.68,12.78,12.56,12.74,7771097,NVDA
2013-03-13,12.74,12.9562,12.62,12.74,12145898,NVDA
2013-03-14,12.82,12.86,12.67,12.75,9582541,NVDA
2013-03-15,12.75,12.75,12.59,12.64,8894379,NVDA
2013-03-18,12.56,12.67,12.46,12.55,7457792,NVDA
2013-03-19,12.56,12.62,12.38,12.47,8869010,NVDA
2013-03-20,12.59,12.66,12.475,12.62,8514701,NVDA
2013-03-21,12.55,12.57,12.4,12.42,8475752,NVDA
2013-03-22,12.46,12.53,12.41,12.48,5764549,NVDA
2013-03-25,12.55,12.56,12.32,12.41,9051901,NVDA
2013-03-26,12.44,12.51,12.39,12.5,5813496,NVDA
2013-03-27,12.45,12.72,12.42,12.65,6372811,NVDA
2013-03-28,12.62,12.84,12.53,12.83,8731828,NVDA
2013-04-01,12.8,12.8,12.32,12.41,11070635,NVDA
2013-04-02,12.42,12.45,12.2,12.275,9288074,NVDA
2013-04-03,12.26,12.33,12.04,12.126,8812967,NVDA
2013-04-04,12.09,12.29,12.05,12.245,7366850,NVDA
2013-04-05,12.07,12.46,12.04,12.46,13783274,NVDA
2013-04-08,12.47,12.47,12.195,12.43,8166419,NVDA
2013-04-09,12.44,12.72,12.35,12.63,9514523,NVDA
2013-04-10,12.64,12.85,12.61,12.83,9617104,NVDA
2013-04-11,12.65,12.85,12.3,12.77,24229958,NVDA
2013-04-12,12.83,13.23,12.72,13.09,19262936,NVDA
2013-04-15,13.05,13.09,12.74,12.82,10760467,NVDA
2013-04-16,12.94,13.05,12.87,12.96,11721027,NVDA
2013-04-17,12.86,12.98,12.71,12.785,13323630,NVDA
2013-04-18,12.82,12.9,12.54,12.54,10063689,NVDA
2013-04-19,12.53,12.605,12.37,12.57,7575697,NVDA
2013-04-22,12.56,12.7,12.46,12.59,6139119,NVDA
2013-04-23,12.7,13.05,12.68,12.92,9422491,NVDA
2013-04-24,12.96,13.47,12.95,13.36,13913473,NVDA
2013-04-25,13.43,13.5,13.31,13.47,8830561,NVDA
2013-04-26,13.45,13.47,13.335,13.41,8108269,NVDA
2013-04-29,13.43,13.62,13.37,13.57,6742210,NVDA
2013-04-30,13.6,13.77,13.51,13.77,6917579,NVDA
2013-05-01,13.77,13.86,13.6025,13.65,8532822,NVDA
2013-05-02,13.64,13.85,13.56,13.81,8086750,NVDA
2013-05-03,13.9,13.97,13.82,13.87,7346592,NVDA
2013-05-06,13.87,13.945,13.75,13.83,5427497,NVDA
2013-05-07,13.83,13.86,13.52,13.65,11201659,NVDA
2013-05-08,13.67,13.98,13.62,13.899,8348753,NVDA
2013-05-09,13.65,13.97,13.63,13.91,14147961,NVDA
2013-05-10,14.2,14.6,14.2,14.54,21528101,NVDA
2013-05-13,14.44,14.5,14.18,14.24,7245247,NVDA
2013-05-14,14.41,14.57,14.265,14.45,11353420,NVDA
2013-05-15,14.38,14.75,14.38,14.695,7829110,NVDA
2013-05-16,14.68,14.83,14.58,14.63,7709115,NVDA
2013-05-17,14.7,14.97,14.59,14.87,7802832,NVDA
2013-05-20,14.81,14.895,14.76,14.84,5909473,NVDA
2013-05-21,14.85,14.98,14.675,14.92,8944627,NVDA
2013-05-22,14.98,14.98,14.34,14.4,12009887,NVDA
2013-05-23,14.23,14.675,14.19,14.63,9847057,NVDA
2013-05-24,14.55,14.67,14.38,14.54,7082532,NVDA
2013-05-28,14.65,14.69,14.39,14.53,6982413,NVDA
2013-05-29,14.44,14.5301,14.38,14.44,8376206,NVDA
2013-05-30,14.42,14.775,14.38,14.63,7112502,NVDA
2013-05-31,14.55,14.76,14.47,14.47,14437491,NVDA
2013-06-03,14.49,14.6,14.15,14.45,11111622,NVDA
2013-06-04,14.54,14.8,14.38,14.47,9091806,NVDA
2013-06-05,14.45,14.56,14.12,14.16,11612947,NVDA
2013-06-06,14.16,14.36,14.15,14.25,8393406,NVDA
2013-06-07,14.35,14.54,14.29,14.445,6864547,NVDA
2013-06-10,14.41,14.53,14.33,14.44,5603577,NVDA
2013-06-11,14.25,14.45,14.17,14.17,7407635,NVDA
2013-06-12,14.24,14.355,13.97,14.05,7814620,NVDA
2013-06-13,14.0,14.44,13.99,14.37,5905741,NVDA
2013-06-14,14.42,14.441,14.25,14.35,5900263,NVDA
2013-06-17,14.46,14.62,14.38,14.49,6383306,NVDA
2013-06-18,14.56,14.72,14.28,14.4,12169286,NVDA
2013-06-19,14.53,15.48,14.48,14.84,28989638,NVDA
2013-06-20,14.72,14.74,14.335,14.44,15717345,NVDA
2013-06-21,14.52,14.57,14.18,14.415,17856555,NVDA
2013-06-24,14.21,14.39,13.91,14.12,14519268,NVDA
2013-06-25,14.27,14.3,14.07,14.22,11433991,NVDA
2013-06-26,14.38,14.395,14.08,14.14,14493715,NVDA
2013-06-27,14.18,14.2,13.86,14.01,20200844,NVDA
2013-06-28,14.01,14.18,13.83,14.04,10788354,NVDA
2013-07-01,14.14,14.17,14.0149,14.1,4988089,NVDA
2013-07-02,14.02,14.3,13.96,14.09,6409772,NVDA
2013-07-03,13.97,14.3,13.97,14.13,3509626,NVDA
2013-07-05,14.17,14.27,14.075,14.24,4617003,NVDA
2013-07-08,14.28,14.35,14.09,14.165,6552091,NVDA
2013-07-09,14.2,14.3275,14.16,14.241,3934067,NVDA
2013-07-10,14.24,14.47,14.2,14.43,5211631,NVDA
2013-07-11,14.51,14.65,14.48,14.63,5995754,NVDA
2013-07-12,14.6,14.78,14.55,14.64,5408977,NVDA
2013-07-15,14.67,14.67,14.38,14.61,5033274,NVDA
2013-07-16,14.67,14.77,14.595,14.69,4063924,NVDA
2013-07-17,14.69,14.74,14.57,14.61,4152447,NVDA
2013-07-18,14.59,14.64,14.36,14.55,8611201,NVDA
2013-07-19,14.46,14.53,14.09,14.24,12013213,NVDA
2013-07-22,14.35,14.48,14.17,14.23,7309515,NVDA
2013-07-23,14.41,14.41,14.14,14.21,6169787,NVDA
2013-07-24,14.34,14.38,14.19,14.21,7106268,NVDA
2013-07-25,14.2,14.445,14.1,14.26,6082933,NVDA
2013-07-26,14.09,14.285,14.09,14.2,5683999,NVDA
2013-07-29,14.17,14.35,14.13,14.17,4488482,NVDA
2013-07-30,14.22,14.6,14.21,14.41,6651862,NVDA
2013-07-31,14.34,14.58,14.33,14.435,6753993,NVDA
2013-08-01,14.49,14.67,14.32,14.64,6940830,NVDA
2013-08-02,14.61,14.79,14.51,14.76,5228977,NVDA
2013-08-05,14.72,14.88,14.645,14.83,4629714,NVDA
2013-08-06,14.84,14.87,14.58,14.61,5165229,NVDA
2013-08-07,14.53,14.75,14.52,14.6,6110689,NVDA
2013-08-08,14.68,14.765,14.51,14.699,8623655,NVDA
2013-08-09,14.12,14.71,14.11,14.49,22655840,NVDA
2013-08-12,13.9,14.58,13.11,14.37,6439163,NVDA
2013-08-13,14.39,14.48,14.3,14.42,4936666,NVDA
2013-08-14,14.39,15.12,14.38,15.03,20717958,NVDA
2013-08-15,14.87,15.25,14.81,15.125,18090389,NVDA
2013-08-16,15.1,15.4,15.07,15.189,16511365,NVDA
2013-08-19,15.1,15.15,14.94,14.95,9835807,NVDA
2013-08-20,14.87,15.05,14.85,14.95,5855371,NVDA
2013-08-21,14.86,15.05,14.82,14.88,6538524,NVDA
2013-08-22,14.87,15.1,14.87,14.96,3225090,NVDA
2013-08-23,14.98,15.1,14.93,14.96,6131533,NVDA
2013-08-26,14.97,15.03,14.93,14.995,7508270,NVDA
2013-08-27,14.85,14.95,14.75,14.805,6936522,NVDA
2013-08-28,14.83,14.94,14.74,14.8,7970607,NVDA
2013-08-29,14.75,14.91,14.71,14.77,6905449,NVDA
2013-08-30,14.78,14.82,14.68,14.75,9497289,NVDA
2013-09-03,14.79,14.97,14.67,14.76,7116950,NVDA
2013-09-04,14.76,14.99,14.74,14.9,5551997,NVDA
2013-09-05,14.84,15.0,14.83,14.94,4343331,NVDA
2013-09-06,14.95,15.03,14.765,14.88,5669014,NVDA
2013-09-09,15.0,15.13,14.96,15.125,6160150,NVDA
2013-09-10,15.24,15.46,15.17,15.45,7303331,NVDA
2013-09-11,15.43,15.75,15.323,15.71,9904141,NVDA
2013-09-12,15.63,15.9,15.63,15.7,7595431,NVDA
2013-09-13,15.75,15.87,15.64,15.8,3992418,NVDA
2013-09-16,15.93,16.04,15.75,15.81,5889358,NVDA
2013-09-17,15.87,15.99,15.8,15.86,4215183,NVDA
2013-09-18,15.87,16.04,15.79,15.999,6704142,NVDA
2013-09-19,16.07,16.1,15.86,15.925,5689280,NVDA
2013-09-20,15.97,16.069,15.76,15.795,8881511,NVDA
2013-09-23,15.78,15.91,15.55,15.64,6781230,NVDA
2013-09-24,15.65,15.76,15.56,15.7,5710758,NVDA
2013-09-25,15.67,15.84,15.6,15.725,5828944,NVDA
2013-09-26,15.76,15.79,15.58,15.67,3720367,NVDA
2013-09-27,15.55,15.68,15.49,15.58,3797976,NVDA
2013-09-30,15.42,15.67,15.33,15.56,5667976,NVDA
2013-10-01,15.58,15.655,15.465,15.55,5674359,NVDA
2013-10-02,15.39,15.6,15.39,15.54,4050894,NVDA
2013-10-03,15.55,15.692,15.305,15.38,10919158,NVDA
2013-10-04,15.36,15.72,15.32,15.59,6143372,NVDA
2013-10-07,15.53,15.7,15.45,15.59,4248798,NVDA
2013-10-08,15.55,15.77,15.34,15.46,7269775,NVDA
2013-10-09,15.56,15.57,15.14,15.22,6896549,NVDA
2013-10-10,15.33,15.43,15.22,15.385,5587344,NVDA
2013-10-11,15.15,15.34,15.1,15.26,5342613,NVDA
2013-10-14,15.22,15.49,15.22,15.49,4165705,NVDA
2013-10-15,15.49,15.5799,15.4,15.41,5221695,NVDA
2013-10-16,15.5,15.66,15.48,15.6,5251781,NVDA
2013-10-17,15.48,15.67,15.48,15.63,5333061,NVDA
2013-10-18,15.6,15.86,15.54,15.81,6376653,NVDA
2013-10-21,16.0,16.01,15.8,15.85,4875242,NVDA
2013-10-22,15.85,15.86,15.63,15.77,4486650,NVDA
2013-10-23,15.74,15.74,15.45,15.501,6305779,NVDA
2013-10-24,15.54,15.64,15.364,15.385,5910900,NVDA
2013-10-25,15.47,15.48,15.19,15.24,8262549,NVDA
2013-10-28,15.22,15.29,15.0,15.21,9850566,NVDA
2013-10-29,15.19,15.26,15.05,15.23,9698815,NVDA
2013-10-30,15.28,15.35,15.09,15.22,5100763,NVDA
2013-10-31,15.24,15.35,15.16,15.189,7334228,NVDA
2013-11-01,15.27,15.33,15.15,15.255,5153427,NVDA
2013-11-04,15.31,15.31,14.79,14.82,10257119,NVDA
2013-11-05,14.73,14.865,14.57,14.8,10559379,NVDA
2013-11-06,14.8,14.91,14.65,14.9,4951107,NVDA
2013-11-07,14.85,14.89,14.52,14.545,13826909,NVDA
2013-11-08,15.0,15.61,14.935,15.56,18364379,NVDA
2013-11-11,15.5,15.73,15.47,15.69,7442225,NVDA
2013-11-12,15.76,15.85,15.54,15.715,7901138,NVDA
2013-11-13,15.68,16.15,15.65,16.15,8319942,NVDA
2013-11-14,16.1,16.315,16.09,16.22,7699506,NVDA
2013-11-15,16.28,16.3,16.01,16.17,11258291,NVDA
2013-11-18,15.82,15.96,15.74,15.78,7924864,NVDA
2013-11-19,15.62,15.76,15.42,15.44,5167934,NVDA
2013-11-20,15.45,15.49,15.18,15.21,5119353,NVDA
2013-11-21,15.23,15.36,15.16,15.33,5339156,NVDA
2013-11-22,15.35,15.35,15.15,15.18,3966684,NVDA
2013-11-25,15.18,15.53,15.18,15.51,6205194,NVDA
2013-11-26,15.68,15.805,15.575,15.64,18830379,NVDA
2013-11-27,15.63,15.745,15.53,15.7,4531837,NVDA
2013-11-29,15.7,15.74,15.5,15.6,2924092,NVDA
2013-12-02,15.54,15.86,15.51,15.75,9346848,NVDA
2013-12-03,15.8,15.955,15.64,15.74,7264021,NVDA
2013-12-04,15.7,15.99,15.655,15.96,12329427,NVDA
2013-12-05,15.99,15.99,15.68,15.7,6795314,NVDA
2013-12-06,15.89,15.89,15.43,15.47,7025014,NVDA
2013-12-09,15.47,15.52,15.18,15.205,9632780,NVDA
2013-12-10,15.21,15.63,15.19,15.56,13106821,NVDA
2013-12-11,15.59,15.61,15.38,15.41,10353895,NVDA
2013-12-12,15.36,15.44,15.08,15.11,6468071,NVDA
2013-12-13,15.14,15.25,15.0,15.02,4614824,NVDA
2013-12-16,15.03,15.17,15.02,15.04,5944503,NVDA
2013-12-17,15.03,15.15,14.9,15.11,6856787,NVDA
2013-12-18,15.14,15.35,14.95,15.32,10655787,NVDA
2013-12-19,15.3,15.4,15.2,15.38,6465532,NVDA
2013-12-20,15.41,15.7,15.37,15.685,9552017,NVDA
2013-12-23,15.78,15.91,15.65,15.78,4214188,NVDA
2013-12-24,15.87,15.87,15.66,15.82,1990034,NVDA
2013-12-26,15.88,15.925,15.63,15.67,4223004,NVDA
2013-12-27,15.75,15.79,15.66,15.76,5274425,NVDA
2013-12-30,15.77,15.98,15.75,15.97,6205267,NVDA
2013-12-31,16.0,16.1,15.9,16.02,5894631,NVDA
2014-01-02,15.92,15.98,15.72,15.86,6502296,NVDA
2014-01-03,15.89,15.9201,15.62,15.67,6483288,NVDA
2014-01-06,15.83,16.0,15.68,15.88,10237417,NVDA
2014-01-07,16.04,16.2,15.925,16.14,8332170,NVDA
2014-01-08,16.2,16.44,16.14,16.36,7704980,NVDA
2014-01-09,16.11,16.14,15.7,15.75,7305079,NVDA
2014-01-10,15.8,15.91,15.59,15.73,5462334,NVDA
2014-01-13,15.73,15.825,15.33,15.36,6083299,NVDA
2014-01-14,15.44,15.87,15.37,15.84,6045663,NVDA
2014-01-15,15.91,16.065,15.84,16.01,4376071,NVDA
2014-01-16,16.01,16.09,15.9401,16.06,5516399,NVDA
2014-01-17,16.06,16.25,15.89,15.99,8510019,NVDA
2014-01-21,16.01,16.15,15.88,16.05,6151916,NVDA
2014-01-22,16.08,16.1,15.84,16.03,8448495,NVDA
2014-01-23,15.98,16.15,15.85,15.97,4625672,NVDA
2014-01-24,15.84,15.9,15.56,15.56,6206187,NVDA
2014-01-27,15.56,15.78,15.37,15.46,5845310,NVDA
2014-01-28,15.43,15.62,15.37,15.61,4199851,NVDA
2014-01-29,15.55,15.64,15.45,15.46,3963038,NVDA
2014-01-30,15.55,15.75,15.5,15.72,5072356,NVDA
2014-01-31,15.5,15.79,15.49,15.7,8383660,NVDA
2014-02-03,15.81,15.83,15.43,15.49,10793190,NVDA
2014-02-04,15.48,15.61,15.4,15.58,7017337,NVDA
2014-02-05,15.47,15.52,15.32,15.44,5366932,NVDA
2014-02-06,15.46,15.68,15.44,15.64,4209541,NVDA
2014-02-07,15.68,15.89,15.54,15.87,3934156,NVDA
2014-02-10,15.85,16.13,15.835,15.92,8109337,NVDA
2014-02-11,16.01,16.29,15.9301,16.25,5887273,NVDA
2014-02-12,16.3,16.95,16.3,16.83,18640751,NVDA
2014-02-13,17.25,17.46,16.95,17.36,22572405,NVDA
2014-02-14,17.2,17.95,17.19,17.91,20442453,NVDA
2014-02-18,17.92,17.98,17.75,17.9,10727375,NVDA
2014-02-19,17.9,18.3,17.82,18.14,11261515,NVDA
2014-02-20,18.18,18.815,18.15,18.78,9952295,NVDA
2014-02-21,18.75,18.99,18.52,18.64,11276326,NVDA
2014-02-24,18.6,19.05,18.43,18.91,10081460,NVDA
2014-02-25,18.8,18.88,18.54,18.74,6063033,NVDA
2014-02-26,18.7,18.98,18.65,18.71,9022436,NVDA
2014-02-27,18.71,18.9,18.45,18.5,9721168,NVDA
2014-02-28,18.4,18.58,18.1144,18.38,8042268,NVDA
2014-03-03,17.97,18.29,17.81,18.29,9398673,NVDA
2014-03-04,18.38,18.6,18.35,18.48,6512928,NVDA
2014-03-05,18.46,18.65,18.38,18.64,6037348,NVDA
2014-03-06,18.67,18.77,18.35,18.38,7253593,NVDA
2014-03-07,18.46,18.49,18.215,18.36,6711381,NVDA
2014-03-10,18.3,18.38,18.01,18.09,7522349,NVDA
2014-03-11,18.18,18.43,18.12,18.27,7433477,NVDA
2014-03-12,18.18,18.43,18.11,18.32,5988435,NVDA
2014-03-13,18.36,18.43,17.65,17.74,9629303,NVDA
2014-03-14,17.56,17.98,17.56,17.82,11501151,NVDA
2014-03-17,17.87,18.0,17.8,17.82,7492810,NVDA
2014-03-18,17.89,18.36,17.81,18.24,7347616,NVDA
2014-03-19,18.38,18.91,18.33,18.555,9154164,NVDA
2014-03-20,18.46,18.73,18.38,18.57,4795035,NVDA
2014-03-21,18.73,18.88,18.44,18.54,14152926,NVDA
2014-03-24,18.55,18.7,18.18,18.45,7652386,NVDA
2014-03-25,18.65,18.67,18.31,18.45,7610605,NVDA
2014-03-26,18.62,18.97,17.87,18.03,13944439,NVDA
2014-03-27,17.99,18.14,17.585,17.79,13518378,NVDA
2014-03-28,17.76,18.01,17.71,17.9,9970737,NVDA
2014-03-31,17.93,18.09,17.805,17.91,6835058,NVDA
2014-04-01,18.48,18.87,18.26,18.65,16408058,NVDA
2014-04-02,18.65,18.69,18.45,18.53,5998666,NVDA
2014-04-03,18.57,19.185,18.56,18.73,14991601,NVDA
2014-04-04,18.83,18.94,18.065,18.15,9200826,NVDA
2014-04-07,18.16,18.56,18.06,18.21,10714407,NVDA
2014-04-08,18.21,18.91,18.1803,18.86,11767342,NVDA
2014-04-09,18.95,19.11,18.69,18.84,10549192,NVDA
2014-04-10,18.76,19.02,18.32,18.38,9321880,NVDA
2014-04-11,18.24,18.52,17.88,18.12,8827791,NVDA
2014-04-14,18.24,18.39,18.12,18.32,7254648,NVDA
2014-04-15,18.34,18.55,18.16,18.45,7615921,NVDA
2014-04-16,18.54,18.56,18.255,18.49,5878433,NVDA
2014-04-17,18.42,18.73,18.38,18.56,3838325,NVDA
2014-04-21,18.57,18.76,18.45,18.71,2925085,NVDA
2014-04-22,18.74,18.99,18.64,18.87,6379060,NVDA
2014-04-23,18.9,19.14,18.87,19.09,6539608,NVDA
2014-04-24,19.22,19.46,19.22,19.26,9787503,NVDA
2014-04-25,19.22,19.4,18.69,18.73,7840012,NVDA
2014-04-28,18.88,18.98,18.42,18.65,5669699,NVDA
2014-04-29,18.72,18.757,18.48,18.69,4282994,NVDA
2014-04-30,18.66,18.68,18.43,18.47,7644474,NVDA
2014-05-01,18.75,18.79,18.42,18.57,4952689,NVDA
2014-05-02,18.66,18.66,18.32,18.43,3909378,NVDA
2014-05-05,18.41,18.77,18.39,18.63,5981457,NVDA
2014-05-06,18.81,18.97,18.2,18.25,10404742,NVDA
2014-05-07,18.25,18.42,18.07,18.275,7350440,NVDA
2014-05-08,18.2,18.79,18.11,18.5,10818490,NVDA
2014-05-09,17.94,18.11,17.71,18.05,13488260,NVDA
2014-05-12,18.09,18.62,18.08,18.58,7496353,NVDA
2014-05-13,18.33,18.63,18.22,18.28,5527597,NVDA
2014-05-14,18.29,18.36,18.09,18.1,5358034,NVDA
2014-05-15,18.06,18.16,17.82,18.0,8147862,NVDA
2014-05-16,17.86,18.09,17.86,17.96,7098958,NVDA
2014-05-19,18.15,18.64,18.07,18.54,9002026,NVDA
2014-05-20,18.46,18.51,18.15,18.24,6405005,NVDA
2014-05-21,18.31,18.465,18.125,18.24,5417775,NVDA
2014-05-22,18.2,18.42,18.2,18.32,3259588,NVDA
2014-05-23,18.42,18.58,18.31,18.49,4566438,NVDA
2014-05-27,18.6,18.82,18.54,18.82,5242005,NVDA
2014-05-28,18.89,19.1,18.71,18.98,5617852,NVDA
2014-05-29,18.97,19.13,18.91,18.95,4297080,NVDA
2014-05-30,18.95,19.05,18.85,19.0,5977913,NVDA
2014-06-02,19.06,19.18,18.78,18.94,4537471,NVDA
2014-06-03,18.98,19.0,18.61,18.86,6080259,NVDA
2014-06-04,18.81,19.02,18.8,18.88,4030858,NVDA
2014-06-05,18.91,19.02,18.8,18.96,4717374,NVDA
2014-06-06,19.05,19.2,18.98,19.03,4026269,NVDA
2014-06-09,19.01,19.23,18.88,19.05,6186356,NVDA
2014-06-10,18.98,19.24,18.9,19.15,5440162,NVDA
2014-06-11,19.08,19.445,19.08,19.4,6655773,NVDA
2014-06-12,19.4,19.61,19.23,19.52,8429047,NVDA
2014-06-13,19.72,19.73,19.35,19.54,5696281,NVDA
2014-06-16,19.45,19.61,19.31,19.48,4965472,NVDA
2014-06-17,19.5,19.69,19.4,19.61,3940353,NVDA
2014-06-18,19.56,19.68,19.38,19.59,5388381,NVDA
2014-06-19,19.23,19.33,19.0,19.138,11864822,NVDA
2014-06-20,19.19,19.255,18.78,18.93,8828658,NVDA
2014-06-23,18.68,18.72,18.46,18.71,10355032,NVDA
2014-06-24,18.68,18.83,18.34,18.42,6894480,NVDA
2014-06-25,18.47,18.62,18.3,18.61,5385489,NVDA
2014-06-26,18.61,18.62,18.3,18.36,6422671,NVDA
2014-06-27,18.34,18.49,18.23,18.38,7570516,NVDA
2014-06-30,18.31,18.59,18.31,18.54,4514184,NVDA
2014-07-01,18.52,18.855,18.46,18.75,8029625,NVDA
2014-07-02,18.68,18.76,18.57,18.6825,4482096,NVDA
2014-07-03,18.51,18.9,18.51,18.85,3422256,NVDA
2014-07-07,18.88,18.89,18.67,18.7,3187483,NVDA
2014-07-08,18.65,18.73,18.37,18.55,5550035,NVDA
2014-07-09,18.71,19.19,18.57,19.11,9691765,NVDA
2014-07-10,18.75,19.09,18.6,19.005,6657739,NVDA
2014-07-11,19.03,19.11,18.96,19.05,4780418,NVDA
2014-07-14,19.13,19.34,19.06,19.29,6815867,NVDA
2014-07-15,19.32,19.42,19.19,19.37,9885981,NVDA
2014-07-16,19.45,19.6,19.24,19.35,7993210,NVDA
2014-07-17,19.13,19.5,19.13,19.3,8122920,NVDA
2014-07-18,18.9,19.05,18.41,18.44,14196417,NVDA
2014-07-21,18.37,18.68,18.37,18.55,6084223,NVDA
2014-07-22,18.69,18.79,18.43,18.47,7470420,NVDA
2014-07-23,18.48,18.49,18.06,18.08,7433795,NVDA
2014-07-24,18.18,18.23,17.98,18.11,6364433,NVDA
2014-07-25,18.05,18.09,17.76,17.79,6653367,NVDA
2014-07-28,17.87,17.87,17.415,17.72,8258849,NVDA
2014-07-29,17.73,18.02,17.72,17.78,5449327,NVDA
2014-07-30,17.89,18.13,17.84,18.08,6155073,NVDA
2014-07-31,17.86,18.0,17.465,17.5,10047917,NVDA
2014-08-01,17.5,17.79,17.44,17.69,5497060,NVDA
2014-08-04,17.67,17.82,17.56,17.65,6043554,NVDA
2014-08-05,17.6,17.92,17.45,17.66,7458434,NVDA
2014-08-06,17.54,17.86,17.41,17.64,5586470,NVDA
2014-08-07,17.79,17.95,17.34,17.46,10200345,NVDA
2014-08-08,18.22,19.1,18.22,19.0,22366081,NVDA
2014-08-11,19.02,19.1,18.85,18.9,8615557,NVDA
2014-08-12,18.89,19.0,18.69,18.9,7403784,NVDA
2014-08-13,18.93,19.17,18.81,19.01,6414874,NVDA
2014-08-14,19.08,19.08,18.72,18.8,6399781,NVDA
2014-08-15,18.86,19.145,18.68,19.04,9249383,NVDA
2014-08-18,19.12,19.32,18.93,19.3,7102895,NVDA
2014-08-19,19.22,19.47,19.15,19.37,6206499,NVDA
2014-08-20,19.3,19.39,19.205,19.25,5536746,NVDA
2014-08-21,19.2,19.3,19.04,19.07,6819882,NVDA
2014-08-22,19.05,19.24,18.93,19.08,6280582,NVDA
2014-08-25,19.16,19.29,19.07,19.11,3834454,NVDA
2014-08-26,19.16,19.49,19.09,19.455,6740958,NVDA
2014-08-27,19.33,19.475,19.2,19.23,4574336,NVDA
2014-08-28,19.19,19.43,19.13,19.39,4492628,NVDA
2014-08-29,19.46,19.49,19.25,19.45,5198761,NVDA
2014-09-02,19.5,19.5,19.315,19.495,4815883,NVDA
2014-09-03,19.6,19.75,19.47,19.685,6486429,NVDA
2014-09-04,19.65,20.15,19.64,20.03,12295805,NVDA
2014-09-05,20.01,20.1,19.84,19.97,6344896,NVDA
2014-09-08,19.95,19.99,19.71,19.79,7982245,NVDA
2014-09-09,19.7,19.83,19.52,19.54,4964806,NVDA
2014-09-10,19.65,19.685,19.425,19.61,4309435,NVDA
2014-09-11,19.47,19.54,19.2,19.41,6267986,NVDA
2014-09-12,19.53,19.53,19.095,19.12,6563409,NVDA
2014-09-15,19.18,19.21,18.78,18.86,7353902,NVDA
2014-09-16,18.81,19.24,18.75,19.135,5498477,NVDA
2014-09-17,19.09,19.33,19.0,19.15,4339601,NVDA
2014-09-18,19.27,19.46,19.21,19.44,5490120,NVDA
2014-09-19,19.5,19.52,19.05,19.08,15033424,NVDA
2014-09-22,19.47,19.47,18.87,18.89,5536598,NVDA
2014-09-23,18.79,19.02,18.72,18.81,4903604,NVDA
2014-09-24,18.8,18.98,18.78,18.92,3989961,NVDA
2014-09-25,18.9,18.95,18.47,18.51,7460994,NVDA
2014-09-26,18.57,18.69,18.49,18.545,6029702,NVDA
2014-09-29,18.4,18.65,18.2236,18.515,5213585,NVDA
2014-09-30,18.44,18.58,18.2301,18.45,6930130,NVDA
2014-10-01,18.48,18.61,18.22,18.27,8775121,NVDA
2014-10-02,18.24,18.33,17.77,18.19,7224861,NVDA
2014-10-03,18.3,18.55,18.23,18.23,5978474,NVDA
2014-10-06,18.3,18.45,18.0,18.12,4975777,NVDA
2014-10-07,18.04,18.215,17.905,17.925,7547439,NVDA
2014-10-08,17.91,18.35,17.77,18.26,6504284,NVDA
2014-10-09,18.18,18.195,17.76,17.91,7674982,NVDA
2014-10-10,17.77,17.83,16.84,16.845,17284422,NVDA
2014-10-13,16.96,17.3,16.77,16.785,9940730,NVDA
2014-10-14,17.02,17.65,16.92,17.175,9415488,NVDA
2014-10-15,16.93,17.53,16.815,17.44,10110978,NVDA
2014-10-16,17.13,17.65,17.09,17.45,8777944,NVDA
2014-10-17,17.66,17.865,17.35,17.42,7268519,NVDA
2014-10-20,17.42,17.725,17.3,17.57,5008404,NVDA
2014-10-21,17.7,18.34,17.65,18.32,8778272,NVDA
2014-10-22,18.29,18.35,17.89,17.89,5987921,NVDA
2014-10-23,18.2,18.42,18.07,18.285,5367494,NVDA
2014-10-24,18.4,18.59,18.285,18.48,5254152,NVDA
2014-10-27,18.47,18.56,18.27,18.49,3627782,NVDA
2014-10-28,18.44,18.955,18.42,18.93,4814453,NVDA
2014-10-29,18.85,18.96,18.64,18.805,4208504,NVDA
2014-10-30,18.76,18.84,18.45,18.69,4256451,NVDA
2014-10-31,19.12,19.55,19.02,19.54,6408266,NVDA
2014-11-03,19.99,20.06,19.77,19.87,7719851,NVDA
2014-11-04,20.0,20.2,19.67,20.13,9004886,NVDA
2014-11-05,20.25,20.255,19.98,20.13,8391257,NVDA
2014-11-06,20.17,20.25,19.86,20.22,9852201,NVDA
2014-11-07,20.45,20.6859,19.59,19.79,11269962,NVDA
2014-11-10,19.77,20.1501,19.72,20.02,7334724,NVDA
2014-11-11,19.9,20.01,19.605,19.78,5325270,NVDA
2014-11-12,19.71,19.76,19.38,19.645,5114569,NVDA
2014-11-13,19.72,19.749,19.39,19.55,5633239,NVDA
2014-11-14,19.57,19.79,19.375,19.785,4006181,NVDA
2014-11-17,19.7,19.91,19.57,19.695,3968295,NVDA
2014-11-18,19.71,20.22,19.66,20.17,5194312,NVDA
2014-11-19,20.1,20.16,19.8,20.01,6007542,NVDA
2014-11-20,19.87,20.36,19.81,20.34,5524226,NVDA
2014-11-21,20.52,20.55,20.28,20.455,4974441,NVDA
2014-11-24,20.5,20.67,20.42,20.58,3400125,NVDA
2014-11-25,20.54,20.72,20.5,20.57,4756021,NVDA
2014-11-26,20.45,20.94,20.44,20.915,5481634,NVDA
2014-11-28,20.99,21.09,20.8028,20.97,3120781,NVDA
2014-12-01,20.88,21.0,20.55,20.58,4751507,NVDA
2014-12-02,20.56,20.7,20.37,20.61,6148798,NVDA
2014-12-03,20.71,21.15,20.65,21.14,7111426,NVDA
2014-12-04,21.11,21.19,20.81,20.95,4665777,NVDA
2014-12-05,20.96,21.18,20.95,21.07,4142028,NVDA
2014-12-08,21.04,21.25,20.63,20.8,5676710,NVDA
2014-12-09,20.67,20.78,20.36,20.73,5986188,NVDA
2014-12-10,20.67,20.75,20.245,20.27,5117856,NVDA
2014-12-11,20.39,20.53,20.22,20.26,3391302,NVDA
2014-12-12,19.99,20.17,19.61,19.63,8103662,NVDA
2014-12-15,19.86,20.22,19.511,19.57,6367418,NVDA
2014-12-16,19.55,19.86,19.34,19.345,4632726,NVDA
2014-12-17,19.74,20.17,19.1,20.14,8639935,NVDA
2014-12-18,20.39,20.63,20.03,20.22,5653939,NVDA
2014-12-19,20.36,20.5,20.17,20.42,8138230,NVDA
2014-12-22,20.4,20.78,20.33,20.78,3724357,NVDA
2014-12-23,20.94,21.04,20.625,20.65,2731983,NVDA
2014-12-24,20.7,20.725,20.55,20.57,1141128,NVDA
2014-12-26,20.57,20.7,20.52,20.59,1316100,NVDA
2014-12-29,20.53,20.7,20.43,20.56,2083128,NVDA
2014-12-30,20.42,20.52,20.34,20.37,2803010,NVDA
2014-12-31,20.4,20.51,19.99,20.05,4157958,NVDA
2015-01-02,20.13,20.28,19.811,20.13,2842012,NVDA
2015-01-05,20.13,20.19,19.7,19.79,4948799,NVDA
2015-01-06,19.82,19.84,19.17,19.19,4944121,NVDA
2015-01-07,19.33,19.5,19.08,19.135,8045186,NVDA
2015-01-08,19.36,19.98,19.35,19.86,7094534,NVDA
2015-01-09,19.93,20.09,19.655,19.94,5238601,NVDA
2015-01-12,19.99,19.995,19.51,19.69,4768307,NVDA
2015-01-13,19.84,20.24,19.525,19.655,5917960,NVDA
2015-01-14,19.45,19.8,19.4,19.74,3881531,NVDA
2015-01-15,19.88,20.0,19.59,19.6,4723757,NVDA
2015-01-16,19.57,19.98,19.51,19.96,4537800,NVDA
2015-01-20,20.1,20.21,19.77,20.02,3507719,NVDA
2015-01-21,19.91,20.35,19.77,20.3,3619494,NVDA
2015-01-22,20.34,20.705,20.13,20.65,3992810,NVDA
2015-01-23,20.67,20.745,20.5,20.71,3010389,NVDA
2015-01-26,20.62,20.72,20.49,20.615,3331008,NVDA
2015-01-27,20.3,20.32,19.59,19.63,8948721,NVDA
2015-01-28,19.87,19.95,19.3,19.31,6818214,NVDA
2015-01-29,19.32,19.89,19.23,19.78,5883531,NVDA
2015-01-30,19.64,19.869,19.17,19.205,7454968,NVDA
2015-02-02,19.32,19.7,18.94,19.62,6490149,NVDA
2015-02-03,19.76,20.13,19.66,20.11,4586670,NVDA
2015-02-04,20.05,20.385,19.985,20.16,4537872,NVDA
2015-02-05,20.18,20.5,20.16,20.485,3511195,NVDA
2015-02-06,20.47,20.71,20.31,20.4,5263073,NVDA
2015-02-09,20.28,20.44,20.15,20.38,6849193,NVDA
2015-02-10,20.4,20.96,20.31,20.95,5655113,NVDA
2015-02-11,21.0,21.0,20.67,20.81,8020778,NVDA
2015-02-12,22.0,22.5,21.87,22.3,16922588,NVDA
2015-02-13,22.25,22.34,21.91,22.31,7752149,NVDA
2015-02-17,22.27,22.49,22.13,22.375,5083466,NVDA
2015-02-18,22.35,22.39,22.08,22.12,4273997,NVDA
2015-02-19,22.4,22.44,22.08,22.175,4235760,NVDA
2015-02-20,22.16,22.35,22.0,22.335,3943820,NVDA
2015-02-23,22.33,22.33,22.05,22.16,3125918,NVDA
2015-02-24,22.16,22.31,21.96,22.31,3733318,NVDA
2015-02-25,22.22,22.32,22.035,22.14,3095526,NVDA
2015-02-26,22.16,22.325,22.02,22.2,3821597,NVDA
2015-02-27,22.14,22.19,21.981,22.06,3937273,NVDA
2015-03-02,22.0,22.72,21.971,22.595,7537781,NVDA
2015-03-03,22.43,22.54,22.11,22.18,4008638,NVDA
2015-03-04,22.1,22.48,22.01,22.43,5670997,NVDA
2015-03-05,22.43,22.9,22.37,22.86,8076425,NVDA
2015-03-06,22.73,22.84,22.525,22.55,6434807,NVDA
2015-03-09,22.56,22.78,22.51,22.61,5559693,NVDA
2015-03-10,22.71,23.149,22.67,22.995,13180267,NVDA
2015-03-11,23.0,23.3,22.815,22.88,6552965,NVDA
2015-03-12,22.66,22.83,22.24,22.67,10174260,NVDA
2015-03-13,22.56,22.76,22.25,22.7,8982188,NVDA
2015-03-16,22.88,23.11,22.73,22.97,5923864,NVDA
2015-03-17,22.92,23.26,22.76,23.25,7498556,NVDA
2015-03-18,23.25,23.37,22.66,22.87,10346084,NVDA
2015-03-19,22.95,23.3,22.78,23.215,7768859,NVDA
2015-03-20,23.41,23.605,23.19,23.47,11552119,NVDA
2015-03-23,22.77,23.07,22.7,22.71,10650277,NVDA
2015-03-24,22.64,22.8,22.3,22.4,8262025,NVDA
2015-03-25,22.39,22.39,20.97,21.04,13563840,NVDA
2015-03-26,20.61,21.055,20.46,20.965,7797997,NVDA
2015-03-27,21.09,21.46,20.75,21.38,7957152,NVDA
2015-03-30,21.48,21.58,21.2,21.47,6331256,NVDA
2015-03-31,21.41,21.43,20.91,20.925,8931942,NVDA
2015-04-01,21.01,21.08,20.65,21.01,8269223,NVDA
2015-04-02,21.13,21.19,20.88,21.06,4805086,NVDA
2015-04-06,20.97,21.74,20.75,21.665,12896584,NVDA
2015-04-07,21.67,22.1,21.55,21.86,10349069,NVDA
2015-04-08,21.88,22.1,21.67,22.02,9160786,NVDA
2015-04-09,21.85,22.6,21.84,22.525,9485827,NVDA
2015-04-10,22.55,22.77,22.47,22.76,6468219,NVDA
2015-04-13,22.71,22.84,22.45,22.55,5918106,NVDA
2015-04-14,22.46,22.55,22.1438,22.36,5506852,NVDA
2015-04-15,22.42,22.795,22.31,22.63,6088960,NVDA
2015-04-16,22.5,22.69,22.33,22.49,3882058,NVDA
2015-04-17,22.02,22.42,22.01,22.2,7340917,NVDA
2015-04-20,22.3,22.44,22.05,22.09,5790646,NVDA
2015-04-21,22.36,22.36,21.95,22.055,5761365,NVDA
2015-04-22,22.19,22.34,21.85,22.31,5185481,NVDA
2015-04-23,21.9,22.43,21.65,22.22,6484469,NVDA
2015-04-24,22.21,22.22,21.78,22.03,6023972,NVDA
2015-04-27,22.1,22.59,21.91,22.2,6211356,NVDA
2015-04-28,22.16,22.385,21.95,22.305,5862106,NVDA
2015-04-29,22.15,22.37,22.05,22.14,4878919,NVDA
2015-04-30,22.03,22.305,21.98,22.195,5471083,NVDA
2015-05-01,22.38,22.82,22.28,22.75,6424185,NVDA
2015-05-04,22.73,22.88,22.54,22.61,5018024,NVDA
2015-05-05,22.53,22.56,21.93,22.03,7323195,NVDA
2015-05-06,22.15,22.36,21.81,22.1,7912111,NVDA
2015-05-07,22.01,22.56,21.9401,22.49,13364077,NVDA
2015-05-08,21.01,21.84,20.49,20.825,28663778,NVDA
2015-05-11,20.54,20.84,20.38,20.63,13603644,NVDA
2015-05-12,20.48,21.0,20.47,20.83,9719994,NVDA
2015-05-13,20.98,21.14,20.75,20.95,7713070,NVDA
2015-05-14,21.01,21.4,20.96,21.29,7326280,NVDA
2015-05-15,21.38,21.48,21.17,21.3,5395619,NVDA
2015-05-18,21.25,21.4,21.15,21.27,8124292,NVDA
2015-05-19,21.2,21.27,21.0,21.04,6345222,NVDA
2015-05-20,21.05,21.3,21.02,21.04,4920581,NVDA
2015-05-21,21.05,21.14,20.87,20.89,5992250,NVDA
2015-05-22,20.94,21.015,20.81,20.86,5315282,NVDA
2015-05-26,20.76,20.9,20.574,20.73,6493277,NVDA
2015-05-27,20.87,21.935,20.8,21.84,10808271,NVDA
2015-05-28,21.84,22.2139,21.8,22.14,8191431,NVDA
2015-05-29,22.14,22.28,22.1,22.13,8379244,NVDA
2015-06-01,22.27,22.6001,22.13,22.38,9316504,NVDA
2015-06-02,22.24,22.36,21.92,21.935,5607582,NVDA
2015-06-03,22.0,22.17,21.66,21.7,6269692,NVDA
2015-06-04,21.57,22.16,21.57,22.09,8092765,NVDA
2015-06-05,22.02,22.36,21.79,22.26,7833001,NVDA
2015-06-08,22.19,22.34,21.5,21.75,8570301,NVDA
2015-06-09,21.77,22.02,21.73,21.86,6422222,NVDA
2015-06-10,21.6,21.74,21.35,21.47,13236526,NVDA
2015-06-11,21.47,21.85,21.47,21.7,7076296,NVDA
2015-06-12,21.56,21.69,21.06,21.11,8093164,NVDA
2015-06-15,21.0,21.165,20.84,21.07,7663673,NVDA
2015-06-16,21.03,21.36,20.82,21.33,6422253,NVDA
2015-06-17,21.32,21.7,21.27,21.58,5838648,NVDA
2015-06-18,21.76,22.08,21.7,21.94,7485090,NVDA
2015-06-19,21.94,22.12,21.67,21.87,8891427,NVDA
2015-06-22,21.91,22.03,21.45,21.775,12855929,NVDA
2015-06-23,21.82,21.99,21.05,21.22,10351627,NVDA
2015-06-24,21.19,21.3,20.91,21.01,6334204,NVDA
2015-06-25,21.01,21.3,21.01,21.17,8761548,NVDA
2015-06-26,21.0,21.17,20.65,20.74,10532373,NVDA
2015-06-29,20.5,20.71,20.09,20.12,9793096,NVDA
2015-06-30,20.24,20.33,19.97,20.11,7897857,NVDA
2015-07-01,20.61,20.9,20.22,20.4,7573001,NVDA
2015-07-02,20.39,20.55,20.29,20.42,3644115,NVDA
2015-07-06,20.25,20.53,20.015,20.17,5369413,NVDA
2015-07-07,20.05,20.13,19.16,19.79,14856327,NVDA
2015-07-08,19.68,19.8,19.49,19.65,8312287,NVDA
2015-07-09,19.96,20.05,19.2901,19.41,8939745,NVDA
2015-07-10,19.66,19.93,19.61,19.75,5417717,NVDA
2015-07-13,19.95,19.9899,19.745,19.88,5311791,NVDA
2015-07-14,19.91,19.93,19.63,19.89,6230429,NVDA
2015-07-15,19.84,19.97,19.57,19.75,6643348,NVDA
2015-07-16,19.87,20.19,19.8,20.19,7072291,NVDA
2015-07-17,20.12,20.14,19.8099,20.07,5509308,NVDA
2015-07-20,20.07,20.15,19.65,19.7,4710259,NVDA
2015-07-21,19.66,20.07,19.66,19.79,3743010,NVDA
2015-07-22,19.65,19.65,19.17,19.405,8911819,NVDA
2015-07-23,19.45,19.94,19.41,19.65,4247872,NVDA
2015-07-24,19.79,19.81,19.34,19.42,4721099,NVDA
2015-07-27,19.25,19.53,19.09,19.31,4810520,NVDA
2015-07-28,19.36,19.86,19.16,19.73,4957733,NVDA
2015-07-29,19.69,20.13,19.61,19.97,5817033,NVDA
2015-07-30,19.92,20.22,19.92,20.02,4754479,NVDA
2015-07-31,20.1,20.11,19.83,19.95,5459211,NVDA
2015-08-03,20.11,20.31,19.85,20.29,9928278,NVDA
2015-08-04,20.22,20.43,20.14,20.37,6502514,NVDA
2015-08-05,20.87,20.89,20.535,20.58,5865652,NVDA
2015-08-06,20.53,20.68,20.11,20.45,16391890,NVDA
2015-08-07,22.46,23.37,21.88,22.98,35131171,NVDA
2015-08-10,22.82,23.95,22.68,23.78,16557636,NVDA
2015-08-11,23.43,23.89,23.43,23.66,10875209,NVDA
2015-08-12,23.28,23.89,23.28,23.72,9602012,NVDA
2015-08-13,23.75,23.8,23.46,23.52,6922146,NVDA
2015-08-14,23.5,23.68,23.36,23.54,5366261,NVDA
2015-08-17,23.5,23.5,23.1,23.39,6846973,NVDA
2015-08-18,23.22,23.38,22.9,23.08,7177055,NVDA
2015-08-19,23.05,23.305,22.74,22.99,6231842,NVDA
2015-08-20,22.73,22.84,22.05,22.16,10673329,NVDA
2015-08-21,22.0,22.37,21.45,21.47,9566639,NVDA
2015-08-24,20.27,21.83,20.0,20.71,17057073,NVDA
2015-08-25,21.62,21.7,20.28,20.28,15567110,NVDA
2015-08-26,20.94,21.83,20.78,21.81,15374439,NVDA
2015-08-27,22.04,22.64,21.91,22.63,11594083,NVDA
2015-08-28,22.62,22.87,22.465,22.73,8023632,NVDA
2015-08-31,22.63,22.78,22.385,22.48,5483810,NVDA
2015-09-01,21.83,22.2,21.4,21.56,8835220,NVDA
2015-09-02,22.13,22.22,21.78,22.21,8601065,NVDA
2015-09-03,22.54,22.65,22.23,22.27,6563938,NVDA
2015-09-04,21.89,22.24,21.74,21.75,7200245,NVDA
2015-09-08,22.28,22.77,22.192,22.68,5961218,NVDA
2015-09-09,22.75,22.94,22.18,22.23,7234849,NVDA
2015-09-10,22.1,22.86,21.995,22.58,8926896,NVDA
2015-09-11,22.33,22.8,22.235,22.65,7539608,NVDA
2015-09-14,22.76,22.83,22.5701,22.69,4811636,NVDA
2015-09-15,22.7,23.06,22.63,22.94,8199412,NVDA
2015-09-16,22.9,23.23,22.725,23.1,4337684,NVDA
2015-09-17,23.5,23.71,23.26,23.31,6717769,NVDA
2015-09-18,22.99,23.49,22.85,23.29,8160255,NVDA
2015-09-21,23.32,23.58,23.2,23.53,7046616,NVDA
2015-09-22,23.02,23.18,22.765,22.89,5708923,NVDA
2015-09-23,22.91,23.14,22.8201,23.0,4040849,NVDA
2015-09-24,22.86,23.68,22.5,23.44,9561031,NVDA
2015-09-25,23.73,24.07,23.38,23.61,9242268,NVDA
2015-09-28,23.61,23.755,23.15,23.3,9889576,NVDA
2015-09-29,23.55,23.75,23.22,23.71,9518373,NVDA
2015-09-30,23.93,24.68,23.79,24.65,13909541,NVDA
2015-10-01,24.65,24.72,23.47,24.17,12232427,NVDA
2015-10-02,24.04,24.8006,23.79,24.8,9653639,NVDA
2015-10-05,24.96,25.73,24.83,25.42,12050571,NVDA
2015-10-06,25.15,25.86,25.05,25.75,11360526,NVDA
2015-10-07,25.81,26.28,25.39,26.02,7753799,NVDA
2015-10-08,25.91,26.2399,25.47,26.17,11501741,NVDA
2015-10-09,26.03,26.28,25.58,26.07,10581210,NVDA
2015-10-12,26.1,26.5,25.905,26.35,5689727,NVDA
2015-10-13,26.14,26.555,26.05,26.4,7461071,NVDA
2015-10-14,26.43,27.785,26.4,27.36,15304756,NVDA
2015-10-15,27.41,27.99,27.13,27.43,13151151,NVDA
2015-10-16,27.52,28.12,27.45,27.86,11209897,NVDA
2015-10-19,27.95,28.075,27.49,27.81,7367780,NVDA
2015-10-20,27.69,27.9,27.48,27.77,6620614,NVDA
2015-10-21,27.94,28.11,27.36,27.41,9667049,NVDA
2015-10-22,27.73,28.49,27.69,28.4,7672091,NVDA
2015-10-23,28.65,28.78,28.22,28.59,9544357,NVDA
2015-10-26,28.61,28.68,28.2,28.46,6185935,NVDA
2015-10-27,28.32,28.6175,28.3,28.44,5206678,NVDA
2015-10-28,28.62,28.67,28.2,28.67,5425852,NVDA
2015-10-29,28.21,28.5,27.63,27.68,8179177,NVDA
2015-10-30,27.98,28.57,27.77,28.37,7528965,NVDA
2015-11-02,28.46,28.73,28.29,28.7,4752197,NVDA
2015-11-03,28.53,28.69,28.18,28.5,9419230,NVDA
2015-11-04,28.42,28.63,27.9,28.03,11056571,NVDA
2015-11-05,28.17,28.245,27.63,27.71,11969974,NVDA
2015-11-06,30.45,31.94,29.82,31.55,29306777,NVDA
2015-11-09,31.24,31.5,30.97,31.41,12314225,NVDA
2015-11-10,31.0,31.17,30.1501,30.81,13806497,NVDA
2015-11-11,30.83,31.05,30.4,30.51,15503157,NVDA
2015-11-12,30.44,30.72,30.27,30.4,7277017,NVDA
2015-11-13,30.43,30.56,29.65,29.8,7323501,NVDA
2015-11-16,30.19,30.42,29.95,30.4,8607008,NVDA
2015-11-17,30.48,30.66,30.2735,30.4,6426235,NVDA
2015-11-18,30.41,31.07,30.075,31.03,8755358,NVDA
2015-11-19,31.14,31.43,30.8899,31.12,6351803,NVDA
2015-11-20,31.35,31.57,31.16,31.39,5993587,NVDA
2015-11-23,31.65,31.65,30.805,30.92,6063751,NVDA
2015-11-24,30.92,31.44,30.78,31.17,4885692,NVDA
2015-11-25,31.11,31.48,31.02,31.13,3457476,NVDA
2015-11-27,31.19,31.49,31.03,31.39,2175202,NVDA
2015-11-30,31.42,31.86,31.39,31.72,8181080,NVDA
2015-12-01,32.0,32.78,31.97,32.75,10237433,NVDA
2015-12-02,32.8,33.14,32.43,32.5,7356004,NVDA
2015-12-03,32.76,33.1,32.27,32.43,6166405,NVDA
2015-12-04,32.43,33.81,32.43,33.75,11468924,NVDA
2015-12-07,33.74,33.74,33.01,33.11,8339679,NVDA
2015-12-08,32.7,33.7,32.49,33.56,7862233,NVDA
2015-12-09,33.55,33.75,32.37,32.71,9316871,NVDA
2015-12-10,32.81,33.16,32.7,32.98,5914923,NVDA
2015-12-11,32.65,32.88,32.42,32.49,5683038,NVDA
2015-12-14,32.52,32.75,32.18,32.57,6908645,NVDA
2015-12-15,32.94,33.2,32.76,32.97,7682354,NVDA
2015-12-16,33.04,33.28,32.75,33.17,5908874,NVDA
2015-12-17,33.22,33.56,32.65,32.67,6354044,NVDA
2015-12-18,32.44,32.77,32.1,32.14,9897424,NVDA
2015-12-21,32.49,32.93,32.2,32.895,7105373,NVDA
2015-12-22,33.0,33.26,32.73,32.93,3250269,NVDA
2015-12-23,32.98,33.185,32.92,33.055,3063139,NVDA
2015-12-24,32.96,33.25,32.91,33.17,1311231,NVDA
2015-12-28,32.82,33.14,32.36,33.14,3550703,NVDA
2015-12-29,33.16,33.78,33.07,33.68,5091512,NVDA
2015-12-30,33.65,33.94,33.38,33.39,4508570,NVDA
2015-12-31,33.34,33.49,32.96,32.96,3713202,NVDA
2016-01-04,32.29,32.58,32.04,32.37,8951907,NVDA
2016-01-05,32.98,33.44,32.5,32.89,12256814,NVDA
2016-01-06,32.35,32.5,31.16,31.53,11233604,NVDA
2016-01-07,30.74,30.953,29.88,30.28,16132575,NVDA
2016-01-08,30.67,30.7,29.565,29.63,9961782,NVDA
2016-01-11,29.66,29.89,29.15,29.68,10235095,NVDA
2016-01-12,30.21,30.62,29.97,30.18,11733893,NVDA
2016-01-13,30.41,30.61,29.23,29.26,12041762,NVDA
2016-01-14,28.66,29.0,27.82,28.67,15005864,NVDA
2016-01-15,27.52,27.85,26.64,27.11,21036303,NVDA
2016-01-19,27.67,28.45,27.215,27.33,11428537,NVDA
2016-01-20,26.81,27.83,26.45,27.48,12029457,NVDA
2016-01-21,27.78,28.23,27.21,27.8,12036422,NVDA
2016-01-22,28.33,28.64,28.27,28.45,6450312,NVDA
2016-01-25,28.44,28.765,28.355,28.42,6768203,NVDA
2016-01-26,28.48,28.82,28.185,28.7,5699182,NVDA
2016-01-27,28.66,28.745,27.815,28.36,5792528,NVDA
2016-01-28,28.59,28.69,27.5,28.05,6919451,NVDA
2016-01-29,28.29,29.345,28.18,29.29,7762622,NVDA
2016-02-01,29.26,29.45,29.01,29.3,7247099,NVDA
2016-02-02,29.0,29.15,27.86,28.06,8547710,NVDA
2016-02-03,28.28,28.45,27.55,28.2,8169351,NVDA
2016-02-04,28.24,28.85,27.93,28.21,8703450,NVDA
2016-02-05,28.02,28.33,26.35,26.43,15010685,NVDA
2016-02-08,26.03,26.16,24.85,25.22,15221320,NVDA
2016-02-09,24.92,26.55,24.8,25.49,10634314,NVDA
2016-02-10,25.65,26.39,25.29,25.43,8394980,NVDA
2016-02-11,24.78,25.56,24.78,25.3,8503635,NVDA
2016-02-12,25.7,25.78,24.75,25.73,8520367,NVDA
2016-02-16,26.1,27.03,26.02,26.99,12133795,NVDA
2016-02-17,27.33,27.92,27.22,27.66,19286666,NVDA
2016-02-18,29.93,30.975,29.9,30.04,26716489,NVDA
2016-02-19,29.88,30.71,29.65,30.44,13140732,NVDA
2016-02-22,30.88,31.87,30.82,31.52,11241697,NVDA
2016-02-23,31.27,31.9,31.12,31.6,9234450,NVDA
2016-02-24,31.47,31.8679,30.6,31.82,8421336,NVDA
2016-02-25,31.94,32.05,31.32,31.89,8740367,NVDA
2016-02-26,32.04,32.1162,31.36,31.68,9049073,NVDA
2016-02-29,31.61,32.02,31.34,31.36,8083618,NVDA
2016-03-01,31.44,32.75,31.39,32.75,8717512,NVDA
2016-03-02,32.57,33.06,32.51,32.94,5845933,NVDA
2016-03-03,32.9,33.04,32.21,32.65,7550088,NVDA
2016-03-04,32.9,32.93,32.3,32.55,4382634,NVDA
2016-03-07,32.37,32.59,31.915,32.34,6005495,NVDA
2016-03-08,32.01,32.2,31.645,31.75,6873478,NVDA
2016-03-09,32.03,32.075,31.32,31.73,5569737,NVDA
2016-03-10,31.92,32.1,31.04,31.68,7152137,NVDA
2016-03-11,32.15,32.23,31.77,32.22,6934986,NVDA
2016-03-14,32.07,32.43,31.92,32.3,4757868,NVDA
2016-03-15,32.13,32.34,31.57,32.14,5655420,NVDA
2016-03-16,31.9,33.21,31.75,33.1,9091068,NVDA
2016-03-17,32.98,33.14,32.3739,32.82,8841959,NVDA
2016-03-18,33.21,34.25,33.0,33.81,13637802,NVDA
2016-03-21,33.51,33.92,33.15,33.91,8444539,NVDA
2016-03-22,33.8,34.085,33.43,33.85,6050266,NVDA
2016-03-23,34.0,34.68,33.85,34.43,10725171,NVDA
2016-03-24,34.12,34.54,34.01,34.48,6123854,NVDA
2016-03-28,34.42,34.98,34.38,34.83,6634700,NVDA
2016-03-29,34.68,35.47,34.6,35.39,6545266,NVDA
2016-03-30,35.52,36.25,35.5,35.76,9417474,NVDA
2016-03-31,35.92,36.0,35.35,35.63,9497052,NVDA
2016-04-01,35.41,36.17,35.14,36.15,8707319,NVDA
2016-04-04,36.45,36.64,35.66,35.8,9848551,NVDA
2016-04-05,35.48,36.08,35.34,35.75,8489215,NVDA
2016-04-06,35.3,35.82,34.63,35.8,11334379,NVDA
2016-04-07,35.57,35.89,35.28,35.43,9452644,NVDA
2016-04-08,35.72,35.95,35.305,35.66,6398373,NVDA
2016-04-11,35.87,36.47,35.76,35.88,9688098,NVDA
2016-04-12,36.0,36.05,35.14,35.84,7319077,NVDA
2016-04-13,36.0,36.75,36.0,36.74,8767861,NVDA
2016-04-14,36.64,37.0,36.49,36.84,10414131,NVDA
2016-04-15,36.83,37.46,36.712,37.13,10924273,NVDA
2016-04-18,37.06,37.06,36.61,36.97,7683044,NVDA
2016-04-19,37.11,37.18,36.08,36.31,7728777,NVDA
2016-04-20,36.25,36.67,36.21,36.45,5004434,NVDA
2016-04-21,36.46,36.63,36.25,36.41,4456989,NVDA
2016-04-22,36.53,36.78,36.145,36.27,5588539,NVDA
2016-04-25,36.28,36.65,36.18,36.45,4799765,NVDA
2016-04-26,36.67,37.09,36.32,36.48,5363364,NVDA
2016-04-27,36.39,37.33,36.323,37.31,8809858,NVDA
2016-04-28,37.08,37.3,36.11,36.2,9530551,NVDA
2016-04-29,36.05,36.13,35.14,35.53,8047562,NVDA
2016-05-02,35.87,36.22,35.7,36.0,6401920,NVDA
2016-05-03,35.59,35.74,35.261,35.57,5600585,NVDA
2016-05-04,35.14,35.17,34.4,34.76,13144065,NVDA
2016-05-05,35.05,35.38,34.71,34.97,6172113,NVDA
2016-05-06,34.91,35.425,34.84,35.33,4581000,NVDA
2016-05-09,35.42,35.57,34.99,35.28,8333411,NVDA
2016-05-10,35.5,36.02,35.16,35.96,6741929,NVDA
2016-05-11,36.07,36.46,35.87,36.06,8204441,NVDA
2016-05-12,36.32,36.48,34.93,35.57,16763533,NVDA
2016-05-13,39.19,41.0,39.0,40.98,52756404,NVDA
2016-05-16,40.67,42.8,40.54,42.19,24325757,NVDA
2016-05-17,42.0,42.58,41.4601,42.28,15709762,NVDA
2016-05-18,42.0,43.85,42.0,43.36,13526797,NVDA
2016-05-19,43.19,43.8586,43.13,43.55,9971981,NVDA
2016-05-20,43.82,44.51,43.75,44.33,9777090,NVDA
2016-05-23,44.52,44.69,44.13,44.4,10340877,NVDA
2016-05-24,44.42,45.5,44.3,45.36,10394721,NVDA
2016-05-25,45.5,45.69,44.81,45.17,11469411,NVDA
2016-05-26,45.25,45.98,45.12,45.65,7749081,NVDA
2016-05-27,45.7,45.97,45.55,45.9,6935389,NVDA
2016-05-31,46.1,46.815,46.07,46.72,10313131,NVDA
2016-06-01,46.5,47.26,46.36,46.81,9678267,NVDA
2016-06-02,47.06,47.54,46.6,47.14,8230202,NVDA
2016-06-03,46.68,46.74,45.66,46.48,11526864,NVDA
2016-06-06,46.6,46.96,46.0,46.24,8062841,NVDA
2016-06-07,46.52,46.78,46.31,46.33,4835017,NVDA
2016-06-08,46.34,46.51,45.8,46.18,5865431,NVDA
2016-06-09,46.02,47.45,45.92,47.38,11804167,NVDA
2016-06-10,46.82,47.24,46.14,46.2,10000592,NVDA
2016-06-13,46.25,47.6986,46.25,46.79,11889674,NVDA
2016-06-14,46.68,47.1,46.155,46.88,7458639,NVDA
2016-06-15,47.27,47.77,46.75,47.36,7525868,NVDA
2016-06-16,47.01,47.63,46.551,47.55,6161428,NVDA
2016-06-17,47.61,47.62,46.53,46.72,11775048,NVDA
2016-06-20,47.47,48.17,47.44,47.56,7344230,NVDA
2016-06-21,47.76,47.89,47.2,47.27,5312661,NVDA
2016-06-22,47.37,47.68,47.15,47.23,5065516,NVDA
2016-06-23,47.68,48.54,47.65,48.49,7446994,NVDA
2016-06-24,46.5,47.36,45.3,45.73,25442111,NVDA
2016-06-27,45.35,45.7,44.57,45.24,11258487,NVDA
2016-06-28,46.1,46.1499,45.27,45.9,9547980,NVDA
2016-06-29,46.3,47.01,46.18,46.65,7973264,NVDA
2016-06-30,46.73,47.3,46.35,47.01,10773475,NVDA
2016-07-01,46.75,47.36,46.5,46.66,5462198,NVDA
2016-07-05,46.4,47.43,46.03,47.35,9277061,NVDA
2016-07-06,47.02,47.925,46.78,47.65,6827594,NVDA
2016-07-07,47.97,49.06,47.75,48.89,9884992,NVDA
2016-07-08,49.41,51.091,49.22,50.85,12048273,NVDA
2016-07-11,51.58,52.4,51.52,52.02,11219437,NVDA
2016-07-12,52.6,53.28,51.94,52.8,10919045,NVDA
2016-07-13,52.9,53.2,52.7,52.78,8115130,NVDA
2016-07-14,53.06,53.8,52.62,53.32,7922283,NVDA
2016-07-15,52.64,52.935,51.841,52.7,10715357,NVDA
2016-07-18,53.35,53.43,52.77,52.97,6324838,NVDA
2016-07-19,52.94,53.7293,52.84,53.52,9566250,NVDA
2016-07-20,53.7,54.505,53.48,54.22,7411502,NVDA
2016-07-21,54.1,54.27,53.04,53.22,9032697,NVDA
2016-07-22,53.41,54.67,53.02,54.67,7894165,NVDA
2016-07-25,55.0,55.81,54.76,55.68,7813211,NVDA
2016-07-26,56.17,56.92,56.09,56.63,12862739,NVDA
2016-07-27,57.12,57.22,55.72,56.06,11166886,NVDA
2016-07-28,56.19,56.6,56.0137,56.18,5547934,NVDA
2016-07-29,56.39,57.25,55.38,57.1,10239664,NVDA
2016-08-01,57.34,57.55,56.36,56.73,7527970,NVDA
2016-08-02,57.0,57.03,55.5,56.04,7068720,NVDA
2016-08-03,55.97,56.3,55.66,56.19,7495709,NVDA
2016-08-04,56.46,57.49,56.35,57.23,6817803,NVDA
2016-08-05,57.89,58.23,57.61,58.2,9289735,NVDA
2016-08-08,59.0,59.14,58.12,58.74,7626603,NVDA
2016-08-09,59.03,59.46,58.74,58.89,9308559,NVDA
2016-08-10,59.41,59.5,58.3237,58.51,9393453,NVDA
2016-08-11,58.82,59.95,58.7,59.7,17026556,NVDA
2016-08-12,61.9,63.38,60.63,63.04,35643642,NVDA
2016-08-15,63.11,63.4964,62.1302,62.98,14332617,NVDA
2016-08-16,62.89,62.99,62.41,62.6,7191345,NVDA
2016-08-17,62.6,62.74,60.655,61.15,14880304,NVDA
2016-08-18,61.06,62.2,60.82,62.1,8292095,NVDA
2016-08-19,62.07,62.73,61.8,62.26,7288978,NVDA
2016-08-22,62.45,62.612,61.711,62.52,6118683,NVDA
2016-08-23,63.04,63.32,62.73,62.91,8494058,NVDA
2016-08-24,63.13,63.16,61.65,61.94,7461244,NVDA
2016-08-25,61.96,61.99,60.76,61.53,10150783,NVDA
2016-08-26,61.69,62.38,61.2,62.03,7500624,NVDA
2016-08-29,62.28,62.53,61.885,61.99,6866279,NVDA
2016-08-30,61.91,62.2426,61.46,61.63,7138622,NVDA
2016-08-31,61.75,61.92,61.16,61.34,9713642,NVDA
2016-09-01,61.39,63.38,61.34,63.15,10712305,NVDA
2016-09-02,63.28,63.35,61.82,62.53,8078742,NVDA
2016-09-06,62.75,63.12,62.429,63.12,7670320,NVDA
2016-09-07,62.92,63.2285,61.83,62.19,9949700,NVDA
2016-09-08,62.13,62.74,61.42,62.64,7895219,NVDA
2016-09-09,61.95,62.3,59.0,59.52,17443966,NVDA
2016-09-12,58.73,60.865,57.315,60.75,14956524,NVDA
2016-09-13,60.6,61.3,59.53,59.87,11794183,NVDA
2016-09-14,60.01,60.6,59.51,60.4,7984326,NVDA
2016-09-15,60.5,62.76,60.36,62.69,12884799,NVDA
2016-09-16,62.91,63.25,62.12,62.84,22561149,NVDA
2016-09-19,63.5,65.26,63.21,63.67,10428207,NVDA
2016-09-20,64.4,64.4,62.74,63.09,8277832,NVDA
2016-09-21,63.28,64.98,63.27,64.86,8405337,NVDA
2016-09-22,65.24,65.44,64.65,65.02,7718287,NVDA
2016-09-23,65.1,65.29,64.66,64.95,6903344,NVDA
2016-09-26,64.21,64.6,63.53,64.34,5751035,NVDA
2016-09-27,64.09,66.64,64.06,66.54,10068769,NVDA
2016-09-28,66.64,66.83,65.93,66.78,7994701,NVDA
2016-09-29,66.67,67.61,66.0514,67.4,8417136,NVDA
2016-09-30,67.77,69.19,67.37,68.52,10748304,NVDA
2016-10-03,68.52,69.51,68.331,68.45,6064853,NVDA
2016-10-04,68.55,69.7,67.79,68.3,7040645,NVDA
2016-10-05,68.88,69.58,68.02,68.23,7636009,NVDA
2016-10-06,67.41,67.83,66.26,67.34,9005317,NVDA
2016-10-07,67.79,67.97,66.66,66.85,7156502,NVDA
2016-10-10,67.2,67.56,66.47,67.1,7196868,NVDA
2016-10-11,66.88,66.98,65.62,66.13,9713476,NVDA
2016-10-12,65.86,66.7791,65.31,66.43,10498025,NVDA
2016-10-13,65.65,65.8,63.7,65.35,9752910,NVDA
2016-10-14,66.15,66.6,65.6,65.99,8265851,NVDA
2016-10-17,65.98,66.6,65.52,65.61,4883160,NVDA
2016-10-18,66.52,66.99,66.25,66.61,6734274,NVDA
2016-10-19,66.16,66.78,65.82,66.47,4976462,NVDA
2016-10-20,67.25,67.95,66.3,67.73,7802072,NVDA
2016-10-21,67.49,67.66,66.9,67.54,6987654,NVDA
2016-10-24,68.0,70.79,67.99,70.71,8495946,NVDA
2016-10-25,70.59,72.3,70.25,71.87,9936532,NVDA
2016-10-26,71.27,72.95,71.2,72.16,8344781,NVDA
2016-10-27,72.71,72.85,70.385,70.68,9716622,NVDA
2016-10-28,71.02,72.1,70.43,70.56,7271374,NVDA
2016-10-31,70.79,71.625,70.75,71.16,6309718,NVDA
2016-11-01,71.42,71.81,68.29,69.05,11830629,NVDA
2016-11-02,69.58,70.52,68.6355,68.76,7396231,NVDA
2016-11-03,69.08,69.14,66.64,67.96,7741593,NVDA
2016-11-04,67.51,68.7305,66.575,67.57,8219490,NVDA
2016-11-07,69.55,71.72,69.5,71.27,12189524,NVDA
2016-11-08,71.54,71.77,70.5,71.16,10747107,NVDA
2016-11-09,69.23,70.9,68.72,69.96,11413254,NVDA
2016-11-10,71.49,71.5,66.76,67.77,21732039,NVDA
2016-11-11,79.51,88.77,78.5,87.97,54383633,NVDA
2016-11-14,88.09,88.19,83.62,83.64,33719913,NVDA
2016-11-15,84.29,87.45,83.93,86.19,15652258,NVDA
2016-11-16,87.34,92.555,86.3452,91.63,24699644,NVDA
2016-11-17,92.31,94.7923,90.65,92.39,20824744,NVDA
2016-11-18,92.39,94.33,91.8,93.36,14401499,NVDA
2016-11-21,94.09,94.35,92.4,92.98,10910868,NVDA
2016-11-22,93.3,93.7396,92.38,93.65,8259232,NVDA
2016-11-23,93.72,95.2499,92.77,93.97,11080857,NVDA
2016-11-25,94.42,95.1,93.41,94.16,4889078,NVDA
2016-11-28,93.87,94.74,93.6,94.11,6968370,NVDA
2016-11-29,94.0,94.44,92.53,93.25,11114187,NVDA
2016-11-30,93.6,94.16,92.1,92.2,11012545,NVDA
2016-12-01,92.1,92.17,84.77,87.64,25888074,NVDA
2016-12-02,86.25,88.8,85.12,88.45,11957300,NVDA
2016-12-05,89.99,92.61,89.0,91.88,15057125,NVDA
2016-12-06,92.21,93.73,91.57,93.39,12469875,NVDA
2016-12-07,92.84,95.3,92.1,95.07,12020093,NVDA
2016-12-08,95.19,96.62,93.0531,93.48,9538602,NVDA
2016-12-09,94.2,94.27,90.71,91.82,9557799,NVDA
2016-12-12,89.85,89.95,87.54,89.59,15033300,NVDA
2016-12-13,90.09,92.29,90.05,91.17,9694874,NVDA
2016-12-14,92.54,97.11,91.57,96.45,24599538,NVDA
2016-12-15,96.9,99.94,96.6,98.71,18663653,NVDA
2016-12-16,99.83,100.7,97.726,100.41,27238183,NVDA
2016-12-19,99.7,102.4499,99.0,101.63,18616431,NVDA
2016-12-20,104.58,106.13,104.12,105.17,21201433,NVDA
2016-12-21,105.64,105.95,103.71,105.83,14403361,NVDA
2016-12-22,106.82,108.87,106.53,107.11,17965259,NVDA
2016-12-23,106.38,109.835,106.27,109.78,16192331,NVDA
2016-12-27,112.06,117.36,111.22,117.32,29856842,NVDA
2016-12-28,119.6,119.93,108.69,109.25,57394116,NVDA
2016-12-29,104.9,111.49,102.8,111.43,54384182,NVDA
2016-12-30,111.35,111.92,106.3,106.74,30323259,NVDA
